{
	"info": {
		"_postman_id": "f7856183-b854-40ad-9861-6cd08bd4eadd",
		"name": "Microservice Endpoints",
		"schema": "https://schema.getpostman.com/json/collection/v2.1.0/collection.json"
	},
	"item": [
		{
			"name": "3.1-Search product",
			"protocolProfileBehavior": {
				"disableBodyPruning": true
			},
			"request": {
				"method": "GET",
				"header": [],
				"body": {
					"mode": "raw",
					"raw": "    \"title\": \"iphone\",\r\n    \"operating_system\":\"ios\",\r\n    \"price_from\":500,\r\n    \"price_to\":1300",
					"options": {
						"raw": {
							"language": "json"
						}
					}
				},
				"url": {
					"raw": "http://18.220.85.60/api/GetProduct",
					"protocol": "http",
					"host": [
						"18",
						"220",
						"85",
						"60"
					],
					"path": [
						"api",
						"GetProduct"
					]
				}
			},
			"response": []
		},
		{
			"name": "3.2-Fetch One Product Detail",
			"protocolProfileBehavior": {
				"disableBodyPruning": true
			},
			"request": {
				"method": "GET",
				"header": [],
				"body": {
					"mode": "raw",
					"raw": "\" product_id\": 143\r\n",
					"options": {
						"raw": {
							"language": "json"
						}
					}
				},
				"url": {
					"raw": "http://18.220.85.60/api/GetOneProduct",
					"protocol": "http",
					"host": [
						"18",
						"220",
						"85",
						"60"
					],
					"path": [
						"api",
						"GetOneProduct"
					]
				}
			},
			"response": []
		},
		{
			"name": "3.3-Submit a Comment",
			"protocolProfileBehavior": {
				"disableBodyPruning": true
			},
			"request": {
				"method": "GET",
				"header": [],
				"body": {
					"mode": "raw",
					"raw": "    \"product_id\": 143,\r\n    \"comment\":  \"This is an amazing cell phone!\",\r\n    \"score\": 5",
					"options": {
						"raw": {
							"language": "json"
						}
					}
				},
				"url": {
					"raw": "http://18.220.85.60/api/SetComment",
					"protocol": "http",
					"host": [
						"18",
						"220",
						"85",
						"60"
					],
					"path": [
						"api",
						"SetComment"
					]
				}
			},
			"response": []
		}
	]
}